sensor config.,avg. IoU,max IoU,min IoU
x_0,0.34965928044709293,0.7115693756596574,0.38311549175058923
x_1,0.2636408140145367,0.6086397130492417,0.2257724463831334
x_2,0.25138637514994494,0.5093988643038966,0.24413250480575796
x_3,0.271221742608875,0.5942091904889126,0.2451880815980116
x_4,0.3621350813974937,0.673469387755102,0.44258826374335
x_5,0.26421825426327916,0.6102241573939687,0.27370402321386555
