sensor config.,avg. IoU,max IoU,min IoU
x_0,0.25844248492210653,0.47671865752849313,0.3119478445981905
x_1,0.16736136998933354,0.35127871694841784,0.1549134010198925
x_2,0.1295138798942446,0.23804273638893264,0.12004801920768307
x_3,0.15981157150817119,0.30968456399814237,0.1398798755336855
x_4,0.36010963046045413,0.600626245374324,0.5051558116612328
x_5,0.17969230135256245,0.37736363636363635,0.14265685243603224
