sensor config.,avg. IoU,max IoU
x_0,0.34965928044709293,0.7115693756596574
x_1,0.2636408140145367,0.6086397130492417
x_2,0.25138637514994494,0.5093988643038966
x_3,0.271221742608875,0.5942091904889126
x_4,0.3621350813974937,0.673469387755102
x_5,0.26421825426327916,0.6102241573939687
