sensor config.,avg. IoU,max IoU,min IoU
x_0,0.6641103100210017,0.8132198581560284,0.46194174757281553
x_1,0.5353653191578653,0.6789493339972613,0.41780364469039216
x_2,0.6418919296229568,0.7837118245888802,0.47329960652051717
x_3,0.6522813922992082,0.8517649687220733,0.47959183673469385
x_4,0.5180015406172128,0.6316450726344719,0.39262387015900246
x_5,0.42566434571473843,0.5495344024831867,0.33441955193482686
