sensor config.,avg. IoU,max IoU,min IoU
x_0,0.2714557250092192,0.5558379935604135,0.21604573230829885
x_1,0.30951144722093415,0.7529173008625063,0.3062200956937799
x_2,0.2479734444228967,0.6883954154727794,0.035698924731182795
x_3,0.3124716886686,0.6261994159365875,0.15352020860495436
x_4,0.051523714566545885,0.17519643236355914,0.0
x_5,0.13460962066943521,0.3803843605036448,0.1371841155234657
