sensor config.,avg. IoU,max IoU,min IoU
x_0,0.42115573247332694,0.7791105909888824,0.40796673232654845
x_1,0.2781444475550266,0.5111607142857143,0.3677895708352561
x_2,0.42939809418936337,0.7135826771653543,0.521232057416268
x_3,0.4084321699356925,0.6666666666666666,0.5644757789401865
x_4,0.2597914657107395,0.6294142085583714,0.2620276112118254
x_5,0.10849746207311292,0.21528976572133168,0.04954860382112114
