sensor config.,avg. IoU,max IoU
x_0,0.6009014753020563,0.7791105909888824
x_1,0.49757838954955774,0.6687647521636507
x_2,0.5761133875160638,0.7135826771653543
x_3,0.6121540518744629,0.6666666666666666
x_4,0.4332606629475981,0.6294142085583714
x_5,0.2630571694156789,0.5116279069767442
