sensor config.,avg. IoU,max IoU,min IoU
x_0,0.2550456754779284,0.7425065731814198,0.1622590766472434
x_1,0.2302876075804822,0.6581786793267156,0.16443034886557698
x_2,0.3184563587386482,0.7952659083922533,0.4973156258830178
x_3,0.3111268939227759,0.7629006592407366,0.38196618659987475
x_4,0.23995847883108112,0.6875320677270395,0.37217659137577
x_5,0.14766899108196455,0.5199543899657925,0.0019011406844106464
